{
	"localizedName": "Weather Report",
	"description": "Forms a storm cloud that will then be shot at the enemy",
	"chargeTime": 100,
	"chargeMaxDelay": 24,
	"outlineIcon": false,
	"health": 1200,
	"size": 3,
	"reload": 120,
	"range": 190,
	"shootCone": 30,
	"heatColor": "CCFFFF",
	"ammoUseEffect": "none",
	"inaccuracy": 9.2,
	"rotatespeed": 5.5,
	"recoil": 1,
	"powerUse": 6.4,
	"hasPower": true,
	"targetAir": true,
	"shootSound": "flame",
	"cooldown": 0.01,
	"requirements": [
		{ "item": "silicon", "amount": 200 },
		{ "item": "lead", "amount": 290 },
		{ "item": "titanium", "amount": 275 },
		{ "item": "arrow", "amount": 1}
	],
	"category": "turret",
	"research": "duo"
}