{
            "type": "MendProjector",
            "name": "[blue] Crazy [cyan] Diamond",
            "description": "DORA RA RA RA RA RA RA RA!!",
            "size": 3,
            "reload": 300,
            "craftTime": 8,
            "range": 120,
            "outlineIcon": false,
            "healPercent": 30,
            "phaseBoost": 1,
            "phaseRangeBoost": 5,
            "health": 900,
            "idleSound": "crazy-diamond",
            "idleSoundVolume": 3,
            "consumes": {
              "power": 2,
              "items": {
                "items": [
                  { "item": "phase-fabric", "amount": 1 }
                ],
                "optional": true,
                "booster": true
              }
            },
            "requirements": [
              { "item": "lead", "amount": 200 },
              { "item": "titanium", "amount": 280 },
              { "item": "silicon", "amount": 290 },
              { "item": "arrow", "amount": 1}
            ],
            "category": "effect",
            "research": "mend-projector"
}
