{
	"name": "Harvest Factory",
	"description": "Summons Harvests To Collect More Resources",
	"type": "UnitFactory",
	"unitType": "harvest",
	"size": 3,
	"produceTime": 2000,
	"maxSpawn": 2,
	"consumes": {
		"power": 3,
		"items": {
			"items": [
				{"item": "titanium", "amount":15},
				{"item": "thorium", "amount":20},
				{"item": "arrow", "amount":1}
			]
		}
	},
	"category": "units",
	"research": "draug-factory",
	"requirements": [
		{ "item": "lead", "amount": 220 },
		{ "item": "thorium", "amount": 200 },
		{ "item": "titanium", "amount": 250 },
		{ "item": "arrow", "amount": 1}
	]
}