{
  "type": "ForceProjector",
  "name": "The Fool",
  "description": "Projects A Forcefield Made Of Sand. A Bit Weaker But Faster Re-projection",
  "size": 3,
  "phaseRadiusBoost": 130,
  "radius": 140,
  "breakage": 2000,
  "cooldownNormal": 1.50,
  "cooldownLiquid": 2,
  "cooldownBrokenBase": 3,
  "canOverdrive": false,
  "consumes": {
    "power": 4.5,
    "items": {
      "items": [
        { "item": "phase-fabric", "amount": 1 }
      ],
      "optional": true,
      "booster": true
    }
  },
  "category": "effect",
	"research": "force-projector",
  "requirements": [
    { "item": "lead", "amount": 400 },
    { "item": "titanium", "amount": 450 },
    { "item": "silicon", "amount": 250 },
    { "item": "graphite", "amount": 300 },
    { "item": "arrow", "amount": 1 }
  ]
}